{
       "name": "8L-Train-Project",
       "version": "1.2.3",
       "title": "8L Train Project",
       "author": "Jackielope, GotLag, Trev_lite, D3Phoenix, Meppi",
       "homepage": "https://github.com/Jackalope-Gaming/8L-Train-Project",
       "description": "Increases train length slightly to make locomotives and wagons fit neatly on the grid.",
       "dependencies": ["base >= 0.12.00", "? FARL >= 0.4.0", "? RailTanker >= 1.1.3", "? boblogistics >= 0.12.0", "? more-locomotives >= 0.3.0", "? color-coding >= 1.0.3", "? FactorioBasics-Transport >= 0.1.3", "? ShuttleTrain >= 1.0.1"]
}